{
    "losses": [
        0.008759233402088284,
        0.005824939037362735,
        0.0037250551395118237
    ],
    "seq_lengths": [
        24,
        48,
        168
    ]
}