{"losses": [0.00524234880382816, 0.005766367074102163, 0.007918417764206728], "seq_lengths": [24, 48, 168]}