{"losses": [0.00674018356949091, 0.005475079175084829, 0.009394016892959675], "seq_lengths": [24, 48, 168]}