{"losses": [0.0055776918306946754, 0.006038276323427756, 0.006309751576433579], "seq_lengths": [24, 48, 168]}