{
    "total_production_mwh": {
        "MSE": 21599453.471574135,
        "MAE": 2356.1488488051473,
        "MAPE": 4.716639458293599,
        "RMSE": 4647.521217979982,
        "Huber Loss": 2355.6488894952513
    },
    "total_load_mwh": {
        "MSE": 6013599.350863588,
        "MAE": 1950.7381663602941,
        "MAPE": 3.7920788215763066,
        "RMSE": 2452.2641274674284,
        "Huber Loss": 1950.2381974762561
    }
}