{
    "total_production_mwh": {
        "MSE": 29241257.025905848,
        "MAE": 4203.242660810383,
        "MAPE": 8.41986452199201,
        "RMSE": 5407.51856454565,
        "Huber Loss": 4202.742706127527
    },
    "total_load_mwh": {
        "MSE": 7855216.819571064,
        "MAE": 2043.0527640257405,
        "MAPE": 4.0499809652379515,
        "RMSE": 2802.7159719763013,
        "Huber Loss": 2042.552860021992
    }
}