{
    "total_production_mwh": {
        "MSE": 21736871.71171996,
        "MAE": 2358.1533410636985,
        "MAPE": 4.725449991125346,
        "RMSE": 4662.281813846087,
        "Huber Loss": 2357.653382131262
    },
    "total_load_mwh": {
        "MSE": 5907490.70106679,
        "MAE": 1933.9950912183056,
        "MAPE": 3.759743015671752,
        "RMSE": 2430.5330076069304,
        "Huber Loss": 1933.4951226229127
    }
}