{"total_production_mwh": {"MSE": 21569019.674455035, "MAE": 2355.2465496941895, "MAPE": 4.7146276922412165, "RMSE": 4644.2458671408685, "Huber Loss": 2354.746590309633}, "total_load_mwh": {"MSE": 6039142.08973146, "MAE": 1954.9591934250764, "MAPE": 3.801819819743658, "RMSE": 2457.4665999218505, "Huber Loss": 1954.459224483945}}