{
    "total_production_mwh": {
        "MSE": 43785864.23539922,
        "MAE": 5410.199260887768,
        "MAPE": 11.8201177267503,
        "RMSE": 6617.088803650682,
        "Huber Loss": 5409.699311822931
    },
    "total_load_mwh": {
        "MSE": 8576242.42523126,
        "MAE": 1971.2486885655223,
        "MAPE": 3.9192040330949416,
        "RMSE": 2928.522225497232,
        "Huber Loss": 1970.748725446304
    }
}