{
    "total_production_mwh": {
        "MSE": 26598227.063924864,
        "MAE": 4023.419036464596,
        "MAPE": 8.271373079330386,
        "RMSE": 5157.346901646704,
        "Huber Loss": 4022.9190928381854
    },
    "total_load_mwh": {
        "MSE": 6701949.973313682,
        "MAE": 1901.1994797318227,
        "MAPE": 3.764760236949628,
        "RMSE": 2588.8124639134603,
        "Huber Loss": 1900.699537950399
    }
}