{
    "total_production_mwh": {
        "MSE": 27074658.060999896,
        "MAE": 4047.153171512586,
        "MAPE": 8.52885697809212,
        "RMSE": 5203.331438703467,
        "Huber Loss": 4046.653209816906
    },
    "total_load_mwh": {
        "MSE": 7254507.69791313,
        "MAE": 1959.4186982168796,
        "MAPE": 3.742335290769403,
        "RMSE": 2693.419331985484,
        "Huber Loss": 1958.91878358638
    }
}