{
    "train_loss": 0.0009606049861758947,
    "val_loss": 0.0014653619145974517,
    "best_hp": {
        "units": 60,
        "learning_rate": 0.023499999999999997,
        "dropout": 0.25,
        "alpha": 0.05
    }
}