{"train_loss": 0.0023224763572216034, "val_loss": 0.003301057731732726, "best_hp": {"units": 30, "dropout": 0.2, "learning_rate": 0.005300000000000001}}